ID,text,label,automated_readability_index,difficult_words,flesch_reading_ease,gunning_fog,words_per_sentence,reading_time,ppl,bright,cont,warm,colorf,sd,cd,td,diag_dom,rot,hpvb,vpvb,hcvb,vcvb,sat,clar
9594,"Such a big fan of Bodega Negra! I came here with four girls on a Saturday night for dinner and it was perfect. This place has a really good vibe and is perfect for dinner/drinks before a night out. The service here is also great - our server Lawrence was fun, nice and attentive. We each had one app, tacos and one drink and we got out of here for less than $50 per person. I had the Skirt Steak tacos, the Grilled Corn Salad and tried the Yuca Fries and the Sweet Plantains (plain without the cheese or crema) and everything was so good! I also asked for a custom tequila drink which was awesome. I would definitely recommend Bodegra Negra for a good group dinner that won't break the bank.",0,6.9,14,80.21,7.48,16.375,8.23,38.79753,127.32561111111112,69.14638618068746,0.2786777777777778,159.06488413532173,0.4950222222222222,53.56890017534636,2.868488871172332,-93.0,-93.0,-7.19322358318783,-18.369119234944577,-0.4245411327400479,-0.4372904129922408,135.6235,0.2598111111111111
15465,"Title: Hit and Miss at Local Eatery

As someone who works in the area, I've frequented this spot for their enticing happy hour, featuring half-priced appetizers and drink specials from 4-7pm on weekdays. The wings have always been a highlight for me; they're particularly delicious. However, my latest visit for takeout lunch left something to be desired. Upon entering the eerily empty establishment, I found myself without a greeting or immediate assistance. It was only at the bar where I found service, which was, regrettably, less than welcoming.

Despite the lackluster interaction, I ordered the honey BBQ wings, which lived up to my memories – they were generously sized and quite scrumptious, accompanied by the classic celery and carrot sides. Service, on the contrary, could use some serious attention, especially given the absence of other patrons during my visit.

I'll likely return for their happy hour offerings but will give their takeout service a pass in the future.",1,13.1,38,51.58,12.94,19.625,12.12,35.623623,84.12364196777344,82.80137520437142,0.68365478515625,133.68118475024713,0.84765625,140.7075900461064,11.558798688341383,-5.0,-81.0,-17.4805992439412,-8.92327762498067,-0.4518797974460427,-0.4840372083374598,19.407546997070312,0.1892852783203125
3721,"I recently dined at this gem of a Japanese restaurant which boasted a serene atmosphere paired with impeccable service. Their culinary prowess shined through a diverse menu, especially with their high-quality Japanese offerings. I was particularly impressed by their extensive sake selection, which provides an excellent opportunity for pairing and exploration.

Every quarter they refresh their menu with a special feature, a thoughtful touch that keeps the dining experience fresh and enticing. The highlight of my visit was the unique sake affogato—a delightful blend of homemade milk ice cream, coconut jelly, fruits, and beans. This dessert struck the perfect balance between sweetness and portion size.

The standout savory dish was the Japanese eel, cooked to perfection, and served atop a bed of wonderfully flavored rice. Both dishes left a lasting impression, and I eagerly anticipate my next visit to see what new experiences await on their ever-evolving menu.",1,14.0,47,52.7,13.62,18.5,12.08,34.312195,195.22947692871097,60.98139468467265,0.14569091796875,148.71483379837616,0.461456298828125,89.98742215204395,0.2398844629964927,-25.0,-61.0,-15.080140300860364,-13.399013032891077,-0.5090959379679535,-0.4613327058081433,127.51319885253906,0.713134765625
19513,"Title: A NYC Gem for Theatergoers

If you find yourself ravenous between theater shows and want both delicious and budget-friendly eats, this spot is a must-visit. For a mere $6-7, you can indulge in two scrumptious tacos, which is an absolute bargain in NYC. The salads, according to my friend's enthusiastic review, are equally delectable and well-priced at around $11. 

I personally savored the carne asada and chicken tacos, each packing a delightful spicy punch without overwhelming the palate. Additionally, the Brussels sprouts taco caught my eye and is on my list for next time. And for a humorous touch, check out their bathroom sign that playfully prohibits Instagramming mid-business. A quirky reminder that good food and good fun go hand in hand at this charming eatery.",1,11.9,27,61.56,11.65,18.142857142857142,9.61,53.37151,114.19407653808594,95.36530607986607,0.6530609130859375,178.0485865974765,0.0093994140625,166.63566154041706,9.24402364625164,-100.0,-100.0,-12.13481990233727,-10.608153602518712,-0.4603363037772514,-0.4876291244666256,142.87664794921875,0.3303375244140625
2284,"Title: A Sweet Symphony at Dessert Haven

Dessert aficionados, take note! When they say ""Dessert first,"" this charming spot takes it to heart. Every visit is a delightful surprise, thanks to their ever-changing seasonal offerings that keep your taste buds on their toes. Yet, amidst the novelty, the iconic 'plant' dessert remains a steadfast crown jewel.

What truly sets this eatery apart is the craftiness of its sweets, cookies, and the must-try bubble tea served in an eye-catching bulb. The menu is best enjoyed tapas-style—gather a group of friends to embark on a culinary expedition, allowing you to sample the spectrum of sumptuous desserts on offer.

In a nutshell, this dessert hub is the go-to for anyone looking to indulge in artfully crafted confections. Go ahead, give in to your sweet tooth—you won't be disappointed!",1,11.3,29,71.24,10.32,16.875,10.22,34.229725,196.796630859375,54.273994096455574,0.081817626953125,145.46010583520956,0.267608642578125,70.53491090218957,2.094007858664773,-6.0,-86.0,-8.924436059370151,-7.1038538612668845,-0.5042746898920241,-0.4882879371185158,122.34716796875,0.6860198974609375
10043,"I had my doubts. Dig Inn (*ahem*, excuse me, it's much more sophisticatedly-named ""Dig"", now) hires a legitimate chef and suddenly expands its brand to include fine dining? I wasn't convinced. Sure, Dig Inn was my first favorite Chipotle-style, healthy, fast-casual eatery, but I didn't intuitively expect it to master the sit-down experience. Upon further reflection, it makes sense. Farm-to-table is at peak popularity and Dig Inn has supported that movement from the beginning. My sense, at this point, is that Dig smartly tagged a young, ambitious chef (Suzanne Cups) with vision that aligned with the company's values, ultimately let her do her thing, just with the ""Dig"" seal of approval on it. And while there are a few small kinks to work out, 232 Bleecker is doing a lot right. While the name of the restaurant is lazy, the menu is anything but. Veggie-centric with seasonal ingredients and plates great for sharing, the menu is wide-ranging and varied, making great use of all that soil has to offer. The service was just plain bad, to be blunt, but thankfully, that's an easy fix. The vision and concept of 232 Bleecker are outstanding, and that's what counts. Came here with a friend at 8:15 on Saturday. When booking my reservation, the interface enabled me to note whether I'd like chef's counter if available. I never decline a chance at getting a front row seat, so I wrote a little note saying I'd be delightful, if the setup was possible. We walked in, and luck was on our side -- chef's counter it was. 232 Bleecker -- and the name will never let us forget it -- is on a very hot corner. The previous occupant left because I'm sure the rent here is obscene. But this spot will do well -- surrounded by other health-conscious eateries (Bluestone Lane, Jack's Wife Freda, etc.), this is an area with great demand for this type of food. Quick initial plot twist with the alcohol situation here. We were indecisive when it came to drinks, because we hadn't known there was no liquor on the menu before arriving here. Wine/beer/cider only. This means that while there is a cocktail spread, all are made with ingredients likely unfamiliar to many. I've only had a handful of wine-based drinks in my lifetime, and I was never all that thrilled with them. At 232 Bleecker, however, they make it work in really impressive fashion. My friend got the Small Buck (amaro, sweet & dry vermouth, lemon, ginger), which tasted just like a well-executed spicy and rich whiskey drink, minus the whiskey. I ordered the 232 Spritz -(cocchi americano, westbrook gose -- made with cider instead of beer), which was fruity and refreshing. Both good drinks and the low ABV meant we could prance along into the wine section easily. Wine is the specialty here, though there's not a huge amount of variety in what you can order by the glass -- at least in the white wine section. All offerings are dry and crisp except one ""bold and oaky"" chardonnay which is the opposite of my cup of...wine. So we sampled a few other whites, all of which paired nicely with the food. I would like to pause here to say I think I would have enjoyed the drinks more had they not taken so long to come. Is it really that onerous to pour up two glasses and bring them over? We wanted to enjoy our wine with our food, but the constant delays with all of our drinks messed up the tempo and coordination, which was a shame. Our waitress was also generally not too helpful in our decision-making process and didn't seem to value efficiency. But as I said at the onset, this is an easier fix than a flawed menu.So lets get to that food. It was all fantastic. Vegetable-focused, fresh and seasonal ingredients, thoughtful preparations and great flavors. You can get more than enough variety and demonstration of technique ordering from the menu's large veg section alone. Plenty of good proteins for meat-eaters, but those dishes all feature delightful veggies of the rainbow as well. I wish we could've ordered it all, but we did our best. Eats, below:Smoked cod, nori aioli: A-Served with crackers, which are a must. Need that textural variety otherwise this falls a little flat. Still solid, just not as bold or impressive as the other dishes, could have used more nori. Also quite a lot of fish for a ""snack"".Beef tartare, broccoli leave: ARich, yummy, super flavorful and beautifully presented. Served with rice crackers if you want some crunch, but they're not absolutely imperative.Beets, black lentil, fried shallot: A+Sweet, crunchy, rich, salty, everything right going on here. Well-balanced, delicate and still powerful.Brussels sprouts, apple butter, spiced pecan: ARich and warming, far more elevated than any Brussels you'll find at Dig. A perfect winter dish with delightful accompaniments.Charred cauliflower, concord grape, sunflower butter: A+Others have said it, I'll repeat it: this is the star. This is as decadent as vegetables come. Earthy, nutty, sweet. And that char is perfection.",0,9.1,132,73.07,8.74,15.071428571428571,60.54,48.39779,123.89558641975307,58.98468146211333,0.3309876543209876,149.9849115221756,0.3568518518518518,75.61525282419115,2.887238685836989,-45.0,-45.0,-12.00857447793247,-0.5961709698573969,-0.6570741419098791,-0.6579380159331418,137.44518518518518,0.1855864197530864
9291,"From the moment I stepped into this delightful eatery, I was whisked away on a nostalgic journey back to Spain – both in ambiance and taste. Each tapas dish served was a small treasure trove of explosive flavors, exactly as they should be but so often aren't in the bustling New York City food scene. Paired with a crisp glass of cava or a robust red wine, the dining experience was nothing short of sublime. It's been a long time since I've been graced with such authentic and joy-inducing Spanish cuisine. I'm already looking forward to my next visit.",1,10.2,16,76.96,10.7,19.6,6.68,30.212877,150.3666229248047,80.77280561285114,0.461212158203125,161.07281875931756,-0.374908447265625,85.80043326645406,3.347579008630273,-72.0,-72.0,-1.0569824346627144,-2.585185374014344,-0.4573585016980345,-0.4872918189912096,176.07501220703125,0.4473419189453125
3828,"During a recent lunch outing with coworkers at this particular restaurant, we discovered a delightful prix-fixe menu. I savored every bite of the well-seasoned meatballs starter and succulent salmon main course. Moreover, my colleague's choice of the stuffed red peppers was both delicious and satisfying. Unfortunately, another coworker's chicken souvlaki fell short, being somewhat dry and lacking in flavor.

A highlight of our meal was the complimentary bread and pita basket, served with a delectable olive oil dip, which we enjoyed enough to ask for seconds. From previous visits, I can attest that their a la carte dips are nothing short of excellent. This place has its ups and downs, but it's absolutely worth checking out for a meal.",1,11.8,34,54.22,11.84,17.0,9.17,30.50174,147.16468811035156,67.84614025556122,0.4509429931640625,168.41879122839106,0.0045166015625,27.69116399517108,4.553547237122038,-66.0,-66.0,-13.489397028827511,-1.1604993242413857,-0.4743353615647294,-0.4787832778827851,147.32740783691406,0.39556884765625
14184,"I had plans to go to Chick shop today for lunch until I found the place closed online. All the searches (google, yelp) of hummus/falafel places near Grand Central/Times Square led us straight into this place and that's how I decided to try their lunch. I was having a late lunch and it was off time (around 3PM) and I think apart from us, there was 1 more table occupied. Yet, our order took almost 20 minutes to come. May be they are preparing everything fresh hence the delay. The menu looked interesting and there were a few options for vegetarians. I got their free hummus through yelp check in, it was very tasty just like the soft and fluffy pita came along with it. I ordered a cauliflower dish and it was too greasy. My husband ordered the beef kebab platter and he liked it. Overall ok-ish experience.",0,6.9,17,81.73,7.57,14.9,9.72,54.705624,119.68854938271603,66.3027144463742,0.48,167.24361679430024,0.3225308641975308,106.94685338348243,3.5257620750598484,-5.0,-41.0,-0.1298083550127984,-4.032802626354183,-0.7179977353883705,-0.7359781692435877,110.93493827160492,0.2443518518518518
18232,The Emmy burger is fantastic but on the expensive side. They didn't ask what type of cook I wanted so make sure to specify if you want something other than medium / medium rare on the burger. I'll definitely be back to try the delicious looking pizzas.,0,7.3,11,64.41,10.47,15.333333333333334,3.03,57.126415,137.00476666666663,62.08173098201542,0.3194,155.68106929489775,0.5139777777777778,36.89893090531191,4.758167601706277,-16.0,-83.0,-7.144961489069061,-13.111907595259195,-0.418654593742209,-0.3858130963948661,112.75807777777776,0.3054
15891,"Let me just say I came here for restaurant week and probably spent the same amount of money I would've spent outside of restaurant week but- It WAS TOTALLY WORTH IT!This restaurant and dining experience blew away all of my expectations for this place. I came here for my nieces graduation as I told her to pick out a place she would like to eat to celebrate her graduation. I was happy with the choice as I've always wanted to come here to eat as well. Upon walking in, we were greeted by really nice hostesses and staff. Since I made reservations we were seated right away in which we chose to sit outside. We came here for restaurant week and had a prix fix menu in which we all could order an entree each but we had to try something different; a communal style table setting in which we share dishes. Although I cannot remember the names, we had lettuce wraps, chicken on a stick and the drunken fish and the dishes were AMAZING (I can certainly remember the taste!)Everything from the service to the dishes to the atmosphere was top notch so I would definitely come back here!",0,10.5,22,65.86,10.88,22.22222222222222,12.94,37.476883,126.81287037037038,77.74590426929166,0.1675925925925926,173.26262770003268,0.2017901234567901,116.9437489362658,8.735541535602252,-31.0,-30.0,-2.6595253355645383,-2.083983884983951,-0.6689489853556718,-0.631098079829013,49.53601851851852,0.3394753086419753
19988,"I've had the pleasure of frequenting this fantastic lunch spot close to my workplace on several occasions. Their fish tacos and chicken schnitzel are particularly noteworthy and have become personal favorites. The staff here exudes warmth, ensuring that patrons feel like regulars in no time. While they offer a great bar setup, it's worth noting they serve beer and wine exclusively. A delightful dining experience that I highly recommend!",1,10.9,20,57.47,12.48,13.8,5.46,34.109848,109.89414978027344,81.74909872014602,0.1439666748046875,170.30582256100712,0.24383544921875,169.32937003888682,1.39173509555635,-44.0,-86.0,-27.2806185444867,-1.7261948600755943,-0.4372703255923312,-0.4932323920457672,86.64552307128906,0.2128143310546875
8325,"I literary ran here and was seated at the sushi bar before last call. It's beautiful and worth the extra steps!! Amazing sashimi!!I had hotate scallops Kimnedai Baby yellowtail Hamachi Scottish salmon Take was my sushi chef and he is featured in my Snapchat photo!This is the BOMB!! Trust me, Yelpers, I know my sashimi!By the way, the way I can tell how authentic a Japanese restaurant is has a lot to do with the music, ginger and fresh wasabi  A+",0,6.7,15,83.15,7.38,13.5,5.41,166.40637,111.17092592592591,68.58326457226701,0.1425308641975308,170.14695345257218,-0.5558024691358024,25.21387780241111,15.935393783008903,-65.0,-65.0,-10.48104492913106,-1.575227026621434,-0.6363896166223121,-0.7061613318870138,77.59962962962963,0.1703395061728395
219,"Strolling down St Marks we were looking for a nice place to grab a drink and a quick snack. Upon arrival, we were welcomed in by the host and shown to a table near their beautiful big front windows which are close to the street. As it was a cool spring night we were extremely pleased with the ambiance. All the brews on the menu (and there are a TON) are from local breweries. The Concrete Jungle Bird cocktail is very tasty and not too sweet. On the flip side, the Mango Margarita is fairly sweet...much sweeter then the Concrete Jungle Bird. Both were strong but were very tasty! I will definitely be back. This bar is very chill and perfect for a Saturday night.",0,5.3,17,92.63,5.96,12.5,7.96,31.706827,175.85037037037037,48.07345607375417,0.0283641975308641,142.2271921429293,0.5502469135802469,60.5211142288613,0.1393195095398187,0.0,-69.0,-7.656761462028186,-3.38136685492671,-0.5728050293980229,-0.8655140753086581,47.85722222222222,0.5455864197530864
11078,"I came here for a group gathering on a Thursday evening during happy hour. It definitely looks cool and the setup is organized - tons of long communal tables, enormous space (jeez, what's the rent here?!), dim lighting, sketches and paintings on the walls, extreme Oktoberfest vibes. But it's extremely crowded and loud that we were all pretty uncomfortable. The lines were so long both upstairs and downstairs that it deterred some from waiting for drinks or food. Also, the age range is under 26, so we, being between 29-25, were out-of-place. It's a great place for bros and for hanging out in groups. Don't come if you want to have conversations and kick back, because it's a rowdy place. Cool that they have trivia nights on Mondays!",0,8.3,21,74.08,8.16,14.11111111111111,8.98,50.23893,74.03841111111112,51.88567220478211,0.4403111111111111,159.36665959044174,-0.2742666666666666,52.366288235303614,2.564421917264228,-100.0,-100.0,-5.259439891861803,-16.367976523173922,-0.4222815092228762,-0.3383237983614556,169.9542111111111,0.0374777777777777
1702,"We had a 10:30 pm reservation on July 4th. The place wasn't crowded at all. We waited an hour for our food in between our appetizers and our main meal. Steak frites was tough but well seasoned. Not worth it. The busboy was excellent, however. Very attentive.",0,3.7,7,80.48,6.52,7.833333333333333,3.11,39.559574,127.07743333333332,58.14236429920194,0.0998,110.99812230959864,0.4641555555555555,27.690259918492806,0.7197792375753931,-100.0,-100.0,-12.45423569856905,-5.2755350852740435,-0.3769852923817501,-0.4163960032171285,192.22194444444443,0.2178333333333333
17387,- Standard diner vibes- They have window seating where you can people watch - I enjoyed the food- Many breakfast options that come with coffee/tea AND juice- Pancakes aren't so great- Service was good,0,19.2,6,55.92,12.8,32.0,2.45,153.80728,163.54011111111112,50.94539442698416,0.4717333333333333,171.9549595722078,0.6314222222222222,30.51542598762634,2.475714228444089,-100.0,-101.0,-28.028260859928835,-6.984182773394309,-0.4318326755160464,-0.4219313211005454,79.07835555555556,0.4377777777777777
6173,My review is based off a Mealpal order.  I had gotten the pork katsu don order.  The pork was deliciously fried and went well with the egg over rice.  It came with a small side of pickled radish so that was a nice touch.  I did wish the portion was a tad bigger and that the order was warmer temperature wise.  I would give this place a strong 3 and will try their other options next time around.,0,4.1,8,92.12,6.23,13.0,4.61,45.33027,133.1622111111111,81.94448465475398,0.3076,170.07812043408393,0.238,171.54549687007085,4.138499200622544,-9.0,-100.0,-5.323793083219385,-6.75134043954742,-0.4258597991179739,-0.4362035597222967,110.19886666666666,0.3958111111111111
17448,"Title: A Bustling Spot with Customizable Delights

I recently dined at a vibrant restaurant where the buzzing atmosphere is a clear testament to its popularity. The service proved to be impressively swift, and the offer of unlimited rice is a pleasant bonus. For my first foray into dried hot pot, the experience was both unique and customizable, allowing patrons to select their preferred ingredients and pay by weight.

The selection was diverse, including meats like beef and chicken, and an array of vegetables, with the lotus being a standout addition for me. Although the quail eggs weren't to my liking, the variety ensures there's something for everyone. The only shortfall was the lack of a DIY sauce station, which could have enhanced the meal with options such as peanut butter, sesame oil, and green onion to tailor the flavors to one's taste.

Nonetheless, the restaurant delivered an exciting culinary adventure that I'm eager to explore again. A return visit is certainly on the cards!",1,12.8,36,50.67,12.35,20.5,12.25,36.121838,179.7788848876953,67.53428455357157,0.662078857421875,170.3056201601658,0.378631591796875,72.01793603650435,7.963070468009306,-29.0,-55.0,-1.5212822045177743,-4.24971504020543,-0.4765496735375381,-0.4605006121516559,170.82586669921875,0.5792083740234375
20405,"Super delicious burger! The beef is juicy with nice flavor.I had the regular cheeseburger with raw onion and the regular fixings that come with it. My friend had the jalapeño burger and loved it as well, claiming she had the best burger out of us. The milkshake was fresh and delicious. I got chocolate and banana, don't judge. It tastes like a sundae!",0,4.7,10,87.72,5.5,9.0,4.26,35.413837,119.86643333333332,63.168125171824855,0.2580888888888888,166.4395162173835,0.4356666666666666,27.06098560223212,3.410594107210216,-4.0,-98.0,-4.66314114981725,-0.3935376309095773,-0.4239762155893412,-0.4029322631960363,58.503477777777775,0.2362
4149,"Title: Hit-and-Miss Experience at a New Dining Spot

I recently ventured to a new restaurant with my siblings, eager for a fresh culinary experience. The visit was a mixed bag, with the establishment showing promise yet leaving room for improvement.

Our server had an indifferent presence, often requiring reminders to supply extra napkins and clear plates. The array of dishes we sampled varied in satisfaction. The calamari, disappointingly reminiscent of onion rings, missed the mark. On the upside, the waffle fries were a delectable hit, and the crab cocktail claws emerged as the standout starter of the evening.

The main course of branzino fish was pleasing overall, although certain bites were regretfully oversalted. The combo of crab legs with shrimp, drenched in spicy special sauce, was decent but fell short of remarkable. It's tough to truly fault a seafood boil, though it wasn't the best I've had.

A generous gesture of a complimentary pound of crab legs and a bottle of soju capped off our meal. Despite the shortcomings, I hold out hope that the restaurant will refine its offerings, especially the appetizers, to reach its full potential.",1,11.4,50,62.58,11.1,17.09090909090909,14.23,44.40307,130.53623962402344,85.98714687473034,0.679351806640625,172.31268897412352,0.3160400390625,25.506388755009855,2.6069312525468646,-79.0,-79.0,-8.916639884293062,-0.3165116575316062,-0.4952947715900193,-0.4565128335736452,190.3827209472656,0.3603363037109375
3283,"Title: A Must-Visit for Italian Cuisine Lovers

Whenever I find myself in NYC, a visit to Mama Mia's is non-negotiable. The cuisine here consistently impresses with its rich flavors and generous portions, all at a price point that's a pleasant surprise for the city. On one occasion, I sampled their Marsala and found it to lean towards the sweet side, which was unexpected as I typically prefer a more savory take on the dish. Despite that personal preference, Mama Mia's remains a top recommendation for anyone in search of sumptuous Italian fare without the Manhattan price tag.",1,14.2,21,55.27,14.67,24.25,7.11,30.50798,118.50392150878906,77.61066484924912,0.3122406005859375,150.62167000175248,-0.197052001953125,104.68375772972992,7.059667109606217,-89.0,-89.0,-10.087102418190682,-1.628556683216971,-0.4816767355809415,-0.4773241587532932,204.85874938964844,0.2480010986328125
17946,"My friends took me here for my bachelorette brunch. I had such an amazing time. The food was delicious, mimosas were filled continuously, and the music was great. After we finished our meal we moved down to the dance floor which was down a level in like a ""pit"".  Our original plan was to leave and bar hop, but we continued to order champagne and bottle service to a table down in that area because the music and vibe was so good. If your looking for somewhere for a boozy brunch with great rap and hip hop music definitely give this place a try.",0,7.3,11,79.3,9.23,17.333333333333332,6.51,43.279083,97.94565555555556,64.76387120415228,0.8344333333333334,174.69123098550932,0.4601333333333333,47.7647992977892,2.930323006278101,-9.0,-86.0,-3.9672721469108865,-2.106048132223691,-0.4197737096313537,-0.3575418407700483,87.63263333333333,0.1514888888888889
12270,"Recently, I was thrilled to accept a friend's invitation to a cozy little spot renowned for its boozy brunch. The compact size of the restaurant is easily overlooked once you dive into their culinary offerings. Our meal began with some off-menu guacamole, which proved to be a scrumptious precursor to the main event.

For my brunch entrée, I indulged in the ropa vieja served atop a plantain omelette. The flavors melded beautifully, and the portion size struck a harmonious balance—satisfying without being overbearing. My husband chose the Cuban sandwich, and his continuous compliments piqued my curiosity enough to steal a taste; it did not disappoint.

The brunch experience was sweetened by an hour and a half of unlimited drinks. While the beverages weren't standout, they were sufficiently enjoyable and contributed to a pleasant, buzzed state as we dined. All in all, this spot may be pint-sized, but it certainly packs a punch with its delightful fare.",1,11.6,37,62.38,12.05,17.333333333333332,11.84,32.509182,107.94625854492188,56.34299180794075,0.95501708984375,101.2161686019119,0.719512939453125,77.09830821213416,7.573046074791327,0.0,-86.0,-7.382034374545981,-2.9558874623106703,-0.4589192057848663,-0.516211966731142,108.2079620361328,0.1352996826171875
6091,"Came here with my girlfriend for lunch. She wanted to come here because of the interior and she's been having somewhat of a British fever. The interior of this restaurant was really cute. The reason i give it 3 stars is i can see this place being great for a bar night to have a few drinks and chill, but for just lunch, it was average. I got a shepard pie and it was okay. My girlfriend got a burger and they didnt even ask how she wanted it cooked. In short, come for the interior and atmosphere, not for the food.",0,5.0,10,82.04,7.02,14.571428571428571,6.1,48.389675,120.17958888888889,77.41846365368957,0.3041111111111111,159.38367119971417,0.4486222222222222,11.225214903660204,0.2641579871196828,-13.0,-105.0,-14.450564107959622,-0.0993960885456601,-0.4092337526491067,-0.3910192206166243,136.33002222222223,0.2682222222222222
18894,"TLDR: Grab n' Go spot of Momofuku in Hudson Yards. If you're missing Asian convenience store food, worth stopping by. Spicy Chicken Kimbap.I had heard about Peach Mart opening in Hudson Yards so when I was finally in the area - I made a detour to check the place out. It is quite small and is sort of a simplified version of the corner stores you'll find in Asia.They have Asian soft drinks, snacks and some prepared foods too. The Stuffing Cake is basically a stuffing if you used ingredients for a college kid. Hot dogs, jalapenos, I liked this a lot actually. The rice and beans is good too.I do want to try some of the other sandwiches but the spicy chicken kimbap is solid. It's pricey at $11 but it's enjoyable. The chicken is still crispy although it's served at room temperature and also coated with the spicy mayo.There are seats/counters directly outside to sit. If you like Asian comfort food or ever wanted to try it, this is a good way to break yourself in.",0,6.0,24,84.07,7.3,12.642857142857142,11.65,57.342377,160.88814814814816,63.09631738018483,0.2127777777777778,163.80040796378225,0.8107407407407408,33.54582257924138,10.93381726820724,-50.0,-50.0,-5.172501992321855,-2.826907064379838,-0.6509639826893602,-0.6394945367590456,106.0567901234568,0.4632716049382716
10950,"I went in not exactly knowing what to expect for a Chinese restaurant in Hell's Kitchen, but I was pleasantly surprised with their expansive offerings! I was also surprised to see their tea offerings - something I've only seen available when I go to traditional dim sum places. The interior is pretty spacious, with plenty of seating available on a Saturday around 3pm on New Years Day. ROAST DUCK NOODLES - easily one of the best noodle dishes at this shop. The roast duck adds so much flavor to your broth it's insane!! I got the Chrysanthemum tea, and for my main dish, I went with the make your own noodle dish - chicken bone broth, ho fun (flat noodle), roast duck, and shanghai vegetables. Everything except the ho fun in this dish was on point! The ho fun was decent but could have been better - a lot of it was clumped together and broke off easily because of that. Portion sizes were great, however they could have added a few more pieces of duck to the dish. Otherwise, a great place to try some Chinese noodles if you're in the area.",0,9.3,24,77.67,9.46,18.9,12.52,34.46046,104.13041111111112,61.49164011516695,0.3069555555555555,156.34194909791097,0.4928888888888889,29.447101270986803,1.061438107793781,-20.0,-96.0,-2.637161926655608,-6.786197352335847,-0.402080265721043,-0.3777366553508018,146.65787777777777,0.1469777777777778
12480,"My experience at Pardon My French left me with mixed emotions. Celebrating a birthday, the highlight was undoubtedly the spirited birthday song and a sparkler-adorned chocolate mousse that was sinfully delightful. Unfortunately, the rest of the meal did not live up to that moment.

The Eggs Scandinavian, while a solid attempt, fell short with an un-toasted English muffin undermining the dish's potential. Although I prefer my Hollandaise on the side, the overall combination was lackluster and did not justify its price, even when paired with the bottomless mimosas offered.

On a brighter note, the Brioche French Toast was a testament to indulgence. Thick, eggy slices of bread were lavished with Nutella and fresh fruit, which was a treat to the palate. Despite its quality, the $22 price tag before extra charges felt steep.

While the ambiance suggests Pardon My French is a trendy spot for a bottomless brunch, I find it hard to ignore the overpriced menu. I'm left doubtful about a return visit.",1,10.9,37,63.29,10.71,16.4,12.32,46.42614,151.8843536376953,70.62356133985428,0.616424560546875,172.74321234567725,0.324981689453125,33.91157449437215,1.534474351815481,-9.0,-89.0,-7.847739536911988,-0.997519717838884,-0.4731500226369092,-0.4698523486065258,107.70539855957033,0.424530029296875
15471,"Title: A Cheesy Delight Before the Show

I stumbled upon a delightful grilled cheese spot while waiting for a movie in the area. Known for my love of their truffle melt, I was tempted by the new limited edition Notorious Chz melt - a decadent cheese extravaganza featuring six different cheeses and a hint of truffle mayo. This grilled melt was a cheese lover's dream, perfectly toasted and teeming with a symphony of flavors.

To complement the cheesy affair, we opted for the Chicken Tenders with a Buffalo Parmesan twist. They were exceptionally crispy with an intense spicy kick - a bit too fiery for my liking but satisfying for those who appreciate the heat.

The eatery itself is quaint with very limited seating, making it ideal for a swift grab-and-go experience. Prices align with similar establishments, and the service was commendably speedy. If you're in the mood for a top-notch grilled cheese, this place is a solid pick.",1,11.7,31,60.04,11.66,19.625,11.38,35.971535,126.7236328125,71.47508183675099,0.042388916015625,146.0822744711199,0.17877197265625,69.13388358719402,1.512890030978177,-2.0,-86.0,-6.283423095527382,-5.195819108121086,-0.4774695251315561,-0.4781918131817461,118.21493530273438,0.295440673828125
16267,"Got to know this restaurant through lunch takeouts! They do have the best miso salmon salads in town. It is definitely unbeatable with more than 10 different veggies and fruits and delicious miso salmon! However, the price is quite hefty for a salad ($26) so it is more of an indulgent experience than a daily order!",0,7.5,9,74.19,9.17,14.0,3.83,57.49657,124.89685555555556,57.67246151135857,0.1672777777777777,151.55272167482906,0.0470666666666666,57.320177405948726,7.367709651432925,-16.0,-94.0,-2.1395364577042812,-5.733890387980637,-0.444112535819334,-0.394542763611556,90.60116666666669,0.2404
4445,"This is one of my favorite restaurants on the Upper West Side. Great for brunch or dinner and love that you can make reservations here unlike their other restaurant Jacobs Pickle. The honey pull apart bread is a true star. I could have eaten an entire order alone for my meal. If you are a fan of Reuben sammies, their Deluxe version is not to be missed. However, I prefer their Reuben hash at brunch! The classic Mac and cheese is great, but I prefer the buffalo version. While I love the chocolate cake it is ALOT and very dense. Will keep coming back!",0,4.8,10,85.08,5.02,11.555555555555555,6.63,47.726044,129.7633024691358,65.81181733882886,0.2899074074074074,152.77648942413924,0.3329012345679012,25.94076321721248,1.659306674220609,-2.0,-66.0,-12.215512442940678,-9.15375614588271,-0.6751272112919026,-0.6597840291441731,119.1699074074074,0.2564506172839506
2752,"Title: A Timeless Seafood Gem at Rockefeller Center

If you're seeking an exceptional seafood dining experience in NYC, this venerable spot in Rockefeller Center remains a top contender. A smart choice during Restaurant Week, it offers an affordable glimpse into an otherwise pricey menu. Our three-course delight started with a rich seafood bisque, a refreshing shrimp salad, and tantalizing crab cakes, setting a high bar for the courses to follow.

The main dishes - succulent salmon, delicate sole, perfect cod, and a finely crafted pasta - did not disappoint. Dessert rounded off the meal beautifully, complemented by a selection from their extensive wine list. The ambience added to our enjoyment, with a charming view of the ice-skating rink enhancing the restaurant's already enchanting atmosphere.

This place is a true classic that has stood the test of time, making it an ideal choice for those special occasions. Highly recommended for its enduring excellence in seafood dining.",1,13.8,44,52.09,13.65,19.125,12.24,32.70173,127.69520568847656,77.46970831088977,0.5069732666015625,159.0157790037177,0.025482177734375,58.96565553365973,4.354397790318799,-8.0,-72.0,-6.968228219317808,-4.8668154200388045,-0.4605705860441618,-0.4740732856180982,112.498779296875,0.30303955078125
13794,"Title: Airy Ambiance, Average Eats

I recently dined at a restaurant with a delightful dining room that was both airy and pleasant, creating a comfortable environment. For my meal, I chose the hanger steak, which unfortunately did not impress – it was rather average and lacked the wow factor that would tempt a second order. On a brighter note, the Sea Bass served at our table showed promise and was a more enjoyable choice. The saving grace of the experience was the staff, who were notably attentive throughout the meal. While the atmosphere was inviting, the food warrants some improvement to match the charm of the surroundings.",1,12.6,24,58.42,13.39,21.2,7.74,37.6362,193.6434783935547,57.78090734024442,0.387847900390625,172.14395271595873,0.26995849609375,8.028840312241815,4.540768857142675,-2.0,-82.0,-4.080588289098955,-0.027549129586788,-0.4895430578539148,-0.5196239772902917,54.1202392578125,0.6542205810546875
8516,"I came here for the big plate of chicken and it definitely did not disappoint! The place doesn't seat many people. Try to get here early or you'll be stuck waiting outside. BYOB if you wanna drink though! Also, the food is not that spicyThe cumin lamb and beef shumai were good but didn't blow me away. The sauteed crispy pancake actually comes with a choice of meat! I ended up ordering vegetarian but I think it would have been better with lamb or beef. The pancake itself was super crispy. Heavy cumin flavor though. Would not recommend if you do not like cumin. It was finally time for the star of the show - the big plate of chicken with bone!!! It comes with amazing noodles as its super soft and absorbs the flavor of the sauce. I could have just ate a bowl of noodles with that sauce. Chicken was also on point - very soft and flavorful. I would come back for the big plate of chicken!",0,4.5,17,85.49,6.15,11.2,10.64,37.15441,101.13450617283952,57.06734104776836,0.2962345679012346,149.15942989212505,0.3011728395061728,24.021564941181108,9.520734051876628,-5.0,-61.0,-0.3687055548013234,-4.3914525030843095,-0.6573279613503847,-0.7010199449615712,105.38361111111112,0.1192592592592592
14672,"Title: Authentic German Flavors with a Caution

If you're in the mood for a slice of Germany, this bar is a delightful spot offering a variety of authentic German drinks and decent bar fare, with their hamburger standing out as a crowd favorite. The ambiance is cozy and fitting for a German establishment. However, I'd advise exercising caution when navigating the stairs to the bathroom, especially after enjoying a couple of their excellent brews, as they can be unexpectedly treacherous. Overall, this place would have earned a full five stars, but due to the safety concern regarding the staircase, I have to dock one. Prost, but tread carefully!",1,13.1,28,49.55,14.2,21.6,7.98,44.141926,80.8544921875,76.80757297267675,0.5648956298828125,158.27043057647234,0.098419189453125,82.26953180262923,9.188752036768944,-84.0,-84.0,-10.88177452839406,-0.3098544307853217,-0.4477356475154209,-0.552511409874971,171.50648498535156,0.147613525390625
19709,"My wife, brother, and I came here last night with colleagues. We had booked out the entire restaurant and it was because one of our colleagues said it was the best Taiwanese in New York. He is Canadian, so I was skeptical. It certainly did not disappoint.We tried everything on the menu, and the chef prepared off-menu items as well. The highlight was the beef noodle soup, which was flavorful and had an amazing broth. There are a number of customization options such as noodle texture, broth, type of meat, to fit anybody's expectations.The service was also spectacular; very attentive, and at the same time, very helpful as we had specific questions about the food in the restaurant.I cannot wait to come back here for breakfast, because it's an entirely different menu and it's supposed to be amazing as well. What a gem, and we will be back soon.",0,8.3,23,73.27,8.64,14.9,10.33,25.63189,115.4824074074074,61.85553808459881,0.3261728395061728,166.49039952710592,0.4082716049382716,86.87246711104487,3.9549792054155177,-2.0,-59.0,-0.7144651028382327,-3.6839019543484,-0.7325221137552849,-0.7057312549836999,100.75962962962964,0.204074074074074
20020,"We made a brunch reservation for Valentine's day and it was surprisingly not every table was packed. I'd definitely go back, but for dinner I think it would be important to make a reservation. We had the truffle pasta and the carbonara, but I think the truffle pasta edged out the carbonara by a little bit on flavor and uniqueness.Truffle pasta: They was a decent amount of shaved truffle, but oddly not quite enough pasta. The dish was very rich and satisfying, but I easily could have eaten 2 of them.Carbonara: It needed a little more pancetta, but was otherwise rich and plated well with the egg yolk ready to be broken and mixed in with the rest of the pasta. I thought it was an excellent way to start the day!",0,8.9,16,69.21,9.38,18.857142857142858,8.61,30.462831,182.70692222222223,40.47889525384467,0.2856333333333333,161.26433352001578,0.7726666666666666,32.154352959257416,3.328990964479546,-2.0,-107.0,-22.964451587468588,-6.1019763207638675,-0.393748888386525,-0.3437388706466227,91.17624444444444,0.6769888888888889
10434,I called beforehand on 24th asking the hours for HH that night. Arrived and seated and the waiter was like we don't have HH during the holidays. I said well I called earlier and that's not what whoever answered said. The waiter insisted. I then want to leave. And maybe a higher up guy told the waiter we can have it. Kind of a scam?? Well of course the rest of the mood was blown and waiter was with awkward attitude. Margherita Pizza was okay dough was watery. Mussel was pretty good.,0,3.4,16,87.52,6.29,9.2,5.8,113.383606,153.7966975308642,38.22311685267443,0.4425925925925926,143.61228250154338,0.137037037037037,60.6252324474396,3.230950827995541,-4.0,-46.0,-1.300245724645535,-0.1982241611534192,-0.6693189053053129,-0.6207889241087995,132.71472222222224,0.218395061728395
13735,"I wanted ramen so I ventured out since I am using the mealapp (classic tonkotsu ramen).The place still had a closed sign showing even though I selected 12PM time period for the food pickup.  Most of the time the place has the food ready to go or need only a few minutes to get the food ready.  While at the restaurant, there are folks waiting for food to go in one section of the restaurant hanging out and there were some patrons seated reviewing their menu to order food. It tooked about 7-10 minutes before the food was ready.  All of a sudden, all the food items to go were ready at the same time and half the restaurant emptied out with our food bags.  Unfortunately I checked in and the time expired before I received my food.  It is considerate that they place the tonkotsu soup in a separate container than the dry ingredients.  Overall it is good though I could have used a bit more dry ingredients.Not bad though I think it's better to dine-in.",0,8.0,26,78.89,8.66,17.7,11.34,40.377125,98.54052469135804,58.66221331768549,0.0975617283950617,150.00997386087715,0.5680864197530864,65.04313419260006,5.797901855128462,-2.0,-62.0,-12.097180608620988,-4.97301289049652,-0.6719659621189702,-0.7800764725566727,76.326512345679,0.1061111111111111
15750,"Great low key spot. They actually have something called the Vegan Platter and it's actually very good. I think they change up what's included but last time I was there it was two different eggplant spreads, hummus, surprisingly good beets, tabouleh and a basic little salad with whole wheat pita. All delicious. The time before that there was a chickpea salad instead of beets. It's a lot of food and will definitely fill you up and more, but it all feels healthy/light and guilt free. They definitely have wine, not sure about liquor. They will also split checks based on your actual dishes or however you want, which is nice.",0,8.6,13,72.46,8.83,15.714285714285714,7.61,61.139156,122.73303333333334,70.0166615561293,0.2269555555555555,149.73366807524386,0.5263555555555556,34.392040092818775,0.4950232250478841,-76.0,-77.0,-13.256151149243069,-2.2764223657873117,-0.4134802720366615,-0.3769236820068661,138.5274333333333,0.2606333333333333
11901,"Title: Cozy Dinner with Mixed Impressions

My visit to this bustling eatery on August 18th provided a quaint experience filled with swift service and fresh flavors. The bread set a promising start, arriving promptly to our table. The pizzas, served piping hot, were definitely the centerpiece of the meal. However, not all toppings hit the mark; the mushroom pie, laden with hefty chunks of fungi, might underwhelm those who aren't devout mushroom enthusiasts. On the flip side, the sausage pizza's flavors impressed, though its crust verged on excessively thin, even for a thin-crust aficionado like myself. Notably, the crust edges were delectably memorable.

Rounding off the meal, the tiramisu was a highlight, decadently creamy and perfect for sharing among our party of three. It's a generous portion that would be overwhelming for a solo diner. Overall, the experience was a palate-pleaser, despite some minor hitches in the pizza department.",1,12.1,40,63.09,10.67,16.555555555555557,11.74,43.346256,108.96197509765624,83.50181196080514,0.726470947265625,169.7188066433182,-0.33221435546875,96.1459774135768,3.3136184015365555,-63.0,-63.0,-9.35524186980092,-15.84397447226769,-0.5047985249833876,-0.5107912523655865,179.2255859375,0.2687835693359375
7140,"Absolutely amazing! Very classy place, we went for a friends birthday and each of us got the pre fix brunch. They have multiple options from $30-$55, I got the $55 one with the special edition bottle of champagne, entree and juice are included as well. Service was attentive and food was delicious! My birthday is in a few weeks, I might be back!",0,7.7,11,80.82,9.49,15.75,4.17,58.13437,122.20395061728397,62.913984562483606,0.8457098765432098,163.7121359980796,0.483641975308642,67.62262871025932,0.7757900954163102,-65.0,-64.0,-7.915546196216709,-4.018890075344089,-0.6001502084808346,-0.6449461612401506,92.01404320987656,0.2178703703703703
20705,"Title: A Hidden Gem for Chinese Comfort Food

Following my brother's tip, I decided to check out this local hotspot reputed for its long lines and rave reviews. Much to my delight, the queue wasn't as daunting during my visit. The venue boasts an unbeatable combination of taste, value, and convenience, making it the go-to spot for a satisfying bite on a budget.

I opted for two small servings of roast pork over rice, which set me back a mere $8.50. This place punches well above its weight, delivering a meal that was both mouth-wateringly scrumptious and wallet-friendly. Each bite was a testament to the fact that great food doesn't have to be expensive.

This establishment has earned itself a repeat customer in me, especially for those days when the craving for quick and affordable Chinese eats strikes. A definite must-try!",1,10.5,26,62.07,11.01,17.625,10.15,29.257467,160.58724975585938,55.8514880667222,0.14013671875,148.08247849623956,0.67608642578125,70.0471364344716,0.3413655480821287,-18.0,-78.0,-0.400290427478879,-9.632568720337105,-0.5050484704022525,-0.4873115783905803,139.8927459716797,0.4028472900390625
16962,"I was extremely disappointed by the quality of the ramen here. It was also really overpriced. The classic tonkotsu was $18.90 and barely came with any toppings. Most of the toppings including the egg were extra to add to your ramen, which I thought was ridiculous for the price. Kae-dama (noodle refill) for $3.90 is also ridiculous. I've never seen a ramen restaurant charge that much for kaedama. I know noodles aren't that expensive. I understand that they're a no tipping restaurant but their prices just seem overly inflated. The noodles were way overcooked even though I ordered firm. They came out more like soft. I probably should have ordered extra firm, but you would think that a place like Ichiran would have perfected their timing on the noodles. The broth was average. It had flavor but lacked a wow factor. Overall I didn't have a good experience due to the quality and price . You're much much better off going to a number of ramen places in New York including Ippudo. I was so disappointed that this location is making all the Ichirans look bad. It's a much higher standard in Japan.",0,5.9,34,78.14,6.54,10.105263157894736,13.34,41.58428,153.8678111111111,64.79918675319492,0.1433111111111111,139.91770891136957,0.7858,23.798928352567668,1.2483085372434104,-108.0,-108.0,-43.49582500385708,-1.1552394364144334,-0.3854265908053865,-0.4168586509473979,187.66417777777775,0.3182333333333333
20500,"I've been itching to try KazuNori for so long and it definitely did not disappoint! It's a small restaurant that only serves hand rolls. Their seating is exclusively bar-style, which allows every diner to witness the sushi chefs make the rolls on demand. My friend and I chose to share the 6 roll set because we thought it would be a better deal than ordering each roll separately. The set had the Toro, Yellowtail, Salmon, Bay Scallop, Crab, and Lobster hand rolls. Of the bunch, I tried the Toro, Salmon, and Lobster. Each time, I was amazed at how fresh the fish were. The fish and seasoned rice paired together so perfectly that soy sauce or wasabi seemed superfluous.Turns out that 6 rolls was not filling enough for 2 people. I'm too accustomed to eating cone hand rolls stuffed with rice, but these definitely had a better rice to fish ratio. I ordered a Bay Scallop roll and decided it was my favorite. The scallop is slightly sweet, smooth, and buttery. KazuNori definitely tops my list of places for a quick, light lunch. Their fish is so fresh, it'll blow any competition out of the water.",0,7.3,27,82.65,7.84,14.0,13.29,38.411236,148.9907888888889,77.82650358072034,0.0283888888888888,151.99608265624244,0.3241111111111111,63.87521584771777,1.3244752785371865,-3.0,-68.0,-10.728279847251372,-4.904435253200461,-0.3828817776257576,-0.4348151054324223,91.2974,0.4912555555555555
2413,"Prince Street Pizza is probably my all time favorite pizza place! There is so much flavor to every bite of the pizza! The pepperoni is definitely a crowd favorite, so you must get a slice of that if it is your first time! The line is quite long during lunch and dinner hours, but in between, it is just a short 10-15 minute wait! (~3:45-4pm is a pretty solid time to go when the line is shorter)!",0,5.9,7,81.22,7.72,15.4,4.7,28.212894,130.30687777777777,56.637624846489885,0.7393,176.34217186257032,0.2853555555555555,44.72809747060066,7.276811590887371,-12.0,-84.0,-28.783296000446455,-9.08130354771228,-0.4193612078640318,-0.4067136915400628,99.90142222222222,0.2134888888888889
15162,"Title: A Flavorful Fusion with Room for Improvement

I recently dined at a restaurant that offers a tantalizing mix of Cajun and Asian cuisine, ideal for those who appreciate robustly seasoned dishes. The service was a high point, with Angus providing attentive care and excellent food recommendations.

On the culinary front, the blue crab in salted yolk stood out as a spectacular starter, both in flavor and portion, perfect for sharing. The King Crab, pre-cut and bathed in spicy Cajun sauce, was delightful, though the serving size did not quite justify the price. The crawfish, on the other hand, offered great value, boasting unbeatable freshness.

The atmosphere was pleasingly pristine, with the thoughtful addition of upstairs seating. The food menu was extensive, highlighted by the freshness of the seafood and a variety of combo options. Complimentary roasted peanuts, tea, and a small fruit plate bookended the meal charmingly.

However, the dining experience was not without its drawbacks. The provided gloves for seafood boils were disappointingly flimsy, a minor but notable detraction from the otherwise enjoyable experience. The beverage selection was limited, with wines only available by the bottle at a steep price, and the absence of a dessert menu (or offer) left a sweet gap in the meal.

Despite these areas for improvement, the overall experience was positive, and I anticipate a return visit to indulge once more in their delightful seafood offerings. The total bill for two was $140 plus tip, sizeable but not outlandish considering the quality and setting.",1,13.2,75,51.89,13.46,19.307692307692307,19.55,38.44979,165.79043579101562,73.1911907716549,0.3435211181640625,154.8875797833892,0.521087646484375,92.23728481762788,3.2512432596033207,-23.0,-85.0,-0.3527657250044882,-2.5027776815387313,-0.4764086917218113,-0.4811126022765279,152.9394073486328,0.5406341552734375
8978,"During a visit back in July, I had the pleasure of indulging in a Wimbledon breakfast at this charming little eatery. The highlight was a delightful mushroom omelette, accompanied by crisp hash browns and a side of spicy ketchup which added a nice kick to the meal. Whether you're popping in for a hearty breakfast, a leisurely lunch, or a cozy dinner, this quaint spot certainly doesn’t disappoint. Highly recommended for a satisfying dining experience!",1,11.8,16,60.85,11.25,18.75,5.58,21.155952,163.22166442871094,74.8473400431593,0.3981475830078125,169.20630112856935,0.78021240234375,29.005181953667503,2.9781590607551767,-16.0,-98.0,-9.3863007950048,-11.167471814409057,-0.4543515919645311,-0.4816558367717933,109.16015625,0.511627197265625
9180,"Following a day at Comicon, a friend's recommendation led me to this no-frills pizza spot known for its efficiency more than its ambiance. True to form, it's a grab-and-go kind of place, not designed for leisurely dining, but perfectly suited for the bustling commuter crowd.

For a mere dollar a slice, expectations were easily met—neither dazzled nor disappointed. The pizza itself was a decent rendition of the classic New York style that's become a beloved staple. Standing at a counter, my group and I quickly devoured our slices before continuing on with our day.

In sum, it offered a satisfactory, if not memorable, experience. Personally, I prefer a more traditional sit-down meal, but for the on-the-go diner in search of an economical bite, this spot does the trick.",1,11.5,30,52.9,11.38,18.285714285714285,9.52,28.841124,155.59783935546875,75.20036901160795,0.3005828857421875,169.81073014632284,0.471832275390625,13.731467310268048,4.688484740487181,-54.0,-54.0,-11.42226501877829,-9.584605141084095,-0.4660142270127891,-0.4620930652153276,103.86085510253906,0.438079833984375
9859,"I recently grabbed lunch at this spot using a fantastic $1 deal via the Ritual app, opting for the pan-fried classic dumplings. The flavor was delightful, and the two accompanying sauces complemented the dumplings perfectly. However, the dumplings tended to fall apart at the seams with each bite, which made for a challenging eating experience. The dining area is quite compact, offering just a few counter seats. Despite the small space, the service was efficient, and my order was prepared right on schedule.",1,11.2,22,63.09,11.94,16.6,6.3,30.70935,181.3675842285156,50.00229225945728,0.158203125,160.68584275778463,0.256317138671875,85.7536368516438,2.938559775116438,-7.0,-63.0,-1.8541299813174703,-0.4896573975284752,-0.4748038276013537,-0.4225204420379922,62.57801818847656,0.58636474609375
